﻿<?xml version="1.0" encoding="utf-8"?>
<hibernate-configuration xmlns="urn:nhibernate-configuration-2.2">

  <!-- an ISessionFactory instance -->
  <session-factory>

    <!-- properties -->
    <property name="connection.provider">NHibernate.Connection.DriverConnectionProvider</property>
    <property name="connection.driver_class">NHibernate.Driver.SqlClientDriver</property>
    <property name="connection.connection_string">Data Source=(local)\SQL2005;Initial Catalog=Hekman;User Id=hekman_user;Password=k6YsiU092</property>
    <property name="show_sql">false</property>
    <property name="dialect">NHibernate.Dialect.MsSql2005Dialect</property>
  </session-factory>

</hibernate-configuration>