<?xml version="1.0"?>
<doc>
    <assembly>
        <name>Arc.Infrastructure.Presentation.Mvp</name>
    </assembly>
    <members>
        <member name="T:Arc.Infrastructure.Presentation.Mvp.MasterPage`1">
            <summary>
            Base class for master pages.
            For registering event handlers its best to use <c>HookupEventhandlers</c> method.
            </summary>
            <remarks>
            For using it, presenter should have constructor parameter named "view" and MasterPage must be implementing that interface. 
            </remarks>
            <typeparam name="TPresenter">The type of the presenter.</typeparam>
        </member>
        <member name="M:Arc.Infrastructure.Presentation.Mvp.MasterPage`1.OnInit(System.EventArgs)">
            <summary>
            Raises the <see cref="E:System.Web.UI.Control.Init"/> event.
            </summary>
            <param name="e">An <see cref="T:System.EventArgs"/> object that contains the event data.</param>
        </member>
        <member name="M:Arc.Infrastructure.Presentation.Mvp.MasterPage`1.HookupEventHandlers">
            <summary>
            Hookups the event handlers.
            </summary>
        </member>
        <member name="P:Arc.Infrastructure.Presentation.Mvp.MasterPage`1.Presenter">
            <summary>
            Gets or sets the presenter.
            </summary>
            <value>The presenter.</value>
        </member>
        <member name="T:Arc.Infrastructure.Presentation.Mvp.Page`1">
            <summary>
            Base class for pages.
            For registering event handlers its best to use <c>HookupEventhandlers</c> method.
            </summary>
            <remarks>
            For using it, presenter should have constructor parameter named "view" and Page must be implementing that interface. 
            </remarks>
            <typeparam name="TPresenter">The type of the presenter.</typeparam>
        </member>
        <member name="M:Arc.Infrastructure.Presentation.Mvp.Page`1.OnInit(System.EventArgs)">
            <summary>
            Raises the <see cref="E:System.Web.UI.Control.Init"/> event.
            </summary>
            <param name="e">An <see cref="T:System.EventArgs"/> object that contains the event data.</param>
        </member>
        <member name="M:Arc.Infrastructure.Presentation.Mvp.Page`1.HookupEventHandlers">
            <summary>
            Hookups the event handlers.
            </summary>
        </member>
        <member name="P:Arc.Infrastructure.Presentation.Mvp.Page`1.Presenter">
            <summary>
            Gets or sets the presenter.
            </summary>
            <value>The presenter.</value>
        </member>
        <member name="T:Arc.Infrastructure.Presentation.Mvp.UserControl`1">
            <summary>
            Base class for user controls.
            For registering event handlers its best to use <c>HookupEventhandlers</c> method.
            </summary>
            <remarks>
            For using it, presenter should have constructor parameter named "view" and UserControl must be implementing that interface. 
            </remarks>
            <typeparam name="TPresenter">The type of the presenter.</typeparam>
        </member>
        <member name="M:Arc.Infrastructure.Presentation.Mvp.UserControl`1.OnInit(System.EventArgs)">
            <summary>
            Raises the <see cref="E:System.Web.UI.Control.Init"/> event.
            </summary>
            <param name="e">An <see cref="T:System.EventArgs"/> object that contains the event data.</param>
        </member>
        <member name="M:Arc.Infrastructure.Presentation.Mvp.UserControl`1.HookupEventHandlers">
            <summary>
            Hookups the event handlers.
            </summary>
        </member>
        <member name="P:Arc.Infrastructure.Presentation.Mvp.UserControl`1.Presenter">
            <summary>
            Gets or sets the presenter.
            </summary>
            <value>The presenter.</value>
        </member>
    </members>
</doc>
