﻿<?xml version="1.0" encoding="utf-8"?>
<hibernate-configuration xmlns="urn:nhibernate-configuration-2.2">

  <!-- an ISessionFactory instance -->
  <session-factory>

    <!-- properties -->
    <property name="connection.provider">NHibernate.Connection.DriverConnectionProvider</property>
    <property name="connection.driver_class">NHibernate.Driver.SqlClientDriver</property>
    <property name="connection.connection_string">Data Source=DATASOURCE;Initial Catalog=CATALOG;User Id=USER;Password=PASSWORD</property>
    <property name="show_sql">false</property>
    <property name="dialect">NHibernate.Dialect.MsSql2005Dialect</property>

    <mapping assembly="$solutionname$.Configuration" />
  </session-factory>

</hibernate-configuration>